ArretId,CodeVoyage
11503,83
11503,89
11503,87
11497,74
11497,72
11497,70
11497,78
11503,81
11503,93
11503,91
11521,H76
11521,H94
11521,88
11521,90
11521,70
11521,76
11521,78
11521,86
11521,72
11521,84
11521,80
11521,82
11521,74
11521,H92
11521,H88
11521,H90
11497,H76
11497,H94
11497,H90
11497,H92
11497,H88
11615,H83
11615,H81
11615,73
11529,90
11615,95
11615,75
11529,88
11615,85
11615,H71
11615,H73
11529,86
11529,80
11615,79
11615,89
11529,82
11529,84
11615,87
11615,93
11529,74
11615,81
11615,91
11615,77
11615,H75
11529,78
11529,72
11615,83
11529,70
11529,76
11607,95
11607,75
11675,88
11607,73
11675,90
11675,78
11607,91
11675,74
11607,77
11607,81
11675,72
11607,93
11675,70
11675,76
11607,83
11675,86
11675,84
11675,80
11607,89
11675,82
11607,87
11607,85
11607,79
11679,90
11603,73
11603,95
11603,75
11679,88
11679,86
11603,91
11679,80
11679,82
11679,84
11603,83
11603,89
11679,74
11603,87
11603,85
11603,79
11679,78
11603,81
11603,93
11679,72
11679,70
11679,76
11603,77
11567,90
11567,88
11557,85
11557,83
11567,86
11567,80
11557,89
11567,82
11567,84
11557,87
11567,74
11557,79
11557,93
11557,81
11567,78
11557,91
11557,77
11567,72
11567,70
11567,76
11569,73
11569,95
11569,75
11556,82
11556,84
11569,91
11569,77
11569,83
11556,86
11556,80
11569,89
11569,87
11569,85
11556,74
11569,79
11569,81
11569,93
11556,70
11556,76
11556,78
11556,72
11613,H76
11613,H94
11601,90
11681,73
11681,95
11681,75
11601,88
11681,83
11601,74
11681,79
11681,89
11601,82
11681,87
11681,85
11681,81
11681,93
11681,77
11601,72
11601,70
11601,76
11601,78
11681,91
11601,86
11601,84
11601,80
11677,95
11677,75
11605,88
11605,90
11677,73
11605,72
11677,77
11677,79
11605,70
11605,76
11605,78
11677,81
11677,93
11605,86
11677,91
11605,80
11605,84
11605,82
11677,83
11677,89
11605,74
11677,87
11677,85
11523,H81
11523,H83
11531,95
11531,73
11613,88
11531,75
11613,90
11613,72
11531,79
11613,70
11613,76
11613,78
11531,81
11531,93
11613,86
11613,84
11613,H88
11613,H92
11531,91
11531,77
11613,80
11613,82
11613,74
11531,87
11531,85
11613,H90
11531,83
11531,89
11523,95
11523,75
11523,73
11523,H71
11523,H73
11523,79
11523,81
11523,93
11523,91
11523,77
11523,H75
11523,83
11523,89
11523,87
11523,85
11497,95
11503,88
11503,80
11503,82
11497,85
11497,93
11497,91
11503,76
11497,89
11635,H901
11635,H911
11635,H913
11635,H927
11635,H923
11635,963
11635,943
11635,949
11635,915
11635,931
11635,921
11635,955
11635,941
11635,965
11635,979
11635,1009
11635,1003
11635,945
11635,933
11635,937
11635,967
11635,981
11635,1005
11635,959
11635,935
11635,929
11635,925
11635,953
11635,939
11635,947
11635,927
11635,961
11635,983
11635,951
11635,957
11635,971
11635,987
11635,975
11635,1007
11635,977
11635,989
11635,973
11635,985
11635,1001
11635,1011
11635,991
11498,926
11498,1000
11498,920
11498,928
11498,924
11498,922
11498,972
11498,970
11498,1006
11635,H925
11535,H944
11535,H948
11535,H958
11617,951
11535,954
11535,952
11617,961
11535,924
11535,932
11535,940
11617,957
11617,921
11617,941
11617,939
11535,930
11535,922
11617,963
11535,928
11535,936
11535,964
11535,956
11617,949
11617,915
11535,946
11617,955
11617,971
11617,987
11535,990
11535,972
11617,975
11617,1001
11617,931
11535,962
11535,938
11617,965
11617,943
11535,960
11617,945
11617,933
11535,934
11535,980
11535,970
11617,989
11535,1006
11535,926
11617,937
11535,966
11617,967
11617,929
11535,944
11617,953
11617,947
11535,974
11617,991
11617,973
11535,1008
11617,925
11535,942
11535,950
11617,959
11617,927
11617,935
11535,920
11617,985
11535,976
11617,1005
11535,984
11535,988
11535,978
11617,983
11535,1004
11617,1011
11535,986
11617,1007
11617,977
11535,1002
11535,1010
11617,981
11617,979
11535,982
11617,1009
11617,1003
11535,1000
11535,H952
11535,H942
11539,930
11727,949
11539,966
11727,915
11539,964
11539,950
11539,920
11727,931
11727,945
11539,954
11539,952
11727,955
11727,965
11539,942
11727,933
11727,943
11539,944
11539,936
11727,981
11727,1011
11727,967
11539,924
11539,932
11539,940
11727,929
11727,937
11727,925
11539,922
11539,928
11727,953
11727,947
11539,956
11727,959
11727,935
11539,946
11539,990
11539,972
11539,960
11727,961
11539,962
11539,938
11727,939
11727,927
11727,951
11727,957
11539,934
11539,980
11539,970
11727,991
11727,1007
11539,1006
11539,926
11727,921
11727,941
11727,963
11539,974
11727,977
11539,1008
11727,979
11539,976
11727,1009
11727,1003
11539,984
11539,988
11539,978
11727,1005
11727,983
11539,1004
11727,971
11727,987
11727,975
11539,986
11727,1001
11727,989
11727,973
11539,1002
11539,1010
11539,982
11727,985
11539,1000
11581,960
11695,945
11581,966
11581,950
11695,959
11695,967
11695,935
11581,920
11581,926
11581,934
11695,929
11695,937
11695,925
11581,942
11581,944
11695,953
11695,939
11695,947
11695,927
11581,952
11695,961
11695,983
11581,986
11695,951
11581,954
11695,957
11581,930
11695,963
11581,936
11581,964
11581,932
11581,940
11695,921
11695,941
11695,971
11695,987
11695,975
11695,1007
11581,924
11581,922
11695,943
11581,928
11581,956
11695,949
11695,915
11695,931
11581,946
11695,955
11695,965
11695,977
11581,980
11581,970
11695,989
11581,1002
11581,1010
11695,933
11581,962
11581,938
11581,984
11581,974
11695,979
11581,982
11695,973
11581,1000
11695,985
11581,976
11695,981
11695,1005
11581,990
11581,972
11695,1001
11695,1011
11581,1006
11695,991
11581,1008
11581,978
11581,988
11695,1009
11695,1003
11581,1004
11691,957
11691,921
11691,955
11691,941
11585,960
11691,963
11691,943
11585,962
11585,938
11585,946
11691,949
11691,915
11585,926
11585,934
11691,931
11691,965
11691,933
11585,966
11691,989
11585,1004
11585,950
11585,920
11585,942
11691,945
11585,944
11691,937
11585,952
11691,973
11585,986
11691,925
11585,954
11691,953
11691,947
11585,932
11691,959
11691,967
11691,927
11691,935
11585,930
11585,928
11585,936
11691,929
11585,964
11691,939
11585,924
11585,940
11691,985
11691,1005
11585,922
11691,951
11691,961
11585,956
11585,980
11585,970
11691,983
11585,1002
11585,1010
11691,971
11585,974
11691,987
11585,982
11691,975
11691,1001
11585,1008
11585,1000
11691,1011
11585,976
11691,991
11691,977
11585,990
11585,972
11691,979
11691,1009
11691,1003
11585,1006
11691,981
11585,984
11585,988
11585,978
11691,1007
11687,H901
11665,H916
11665,912
11687,931
11687,945
11687,955
11687,965
11665,960
11687,933
11665,966
11665,962
11687,937
11665,938
11665,946
11665,914
11665,926
11665,934
11665,944
11687,967
11687,929
11665,976
11665,950
11687,925
11665,920
11665,952
11687,953
11687,939
11687,947
11665,942
11687,959
11687,927
11687,935
11687,961
11665,964
11665,954
11687,957
11687,991
11665,986
11687,1007
11665,932
11687,963
11665,940
11665,930
11687,951
11665,928
11665,936
11687,921
11687,941
11665,924
11687,977
11665,990
11687,985
11687,943
11665,922
11687,949
11687,915
11665,956
11687,979
11665,980
11665,970
11687,1009
11687,1003
11665,1006
11665,974
11665,982
11687,981
11665,1008
11665,1000
11687,983
11687,971
11687,987
11687,975
11665,978
11665,972
11687,989
11665,1004
11687,973
11687,1005
11665,1002
11665,1010
11665,984
11665,988
11687,1001
11687,1011
11527,914
11525,961
11527,926
11527,934
11525,929
11525,937
11527,912
11525,925
11527,944
11525,953
11525,939
11525,947
11527,960
11527,966
11527,950
11525,959
11525,967
11525,927
11525,935
11527,920
11525,951
11527,942
11525,957
11527,974
11525,991
11527,1008
11525,1007
11525,921
11525,941
11527,930
11525,963
11527,964
11527,954
11527,952
11525,943
11527,936
11525,977
11527,976
11527,1002
11527,1010
11527,928
11525,949
11525,915
11527,924
11527,932
11525,931
11527,940
11525,955
11525,965
11527,922
11525,933
11527,956
11527,984
11525,979
11527,988
11527,978
11525,1009
11525,1003
11525,945
11527,962
11527,938
11527,946
11527,990
11527,972
11525,981
11527,1004
11525,1005
11525,983
11527,986
11527,1006
11525,971
11525,987
11525,975
11525,1001
11525,989
11527,982
11525,973
11527,1000
11525,985
11525,1011
11527,980
11527,970
11663,H911
11663,H913
11663,961
11663,929
11663,937
11663,925
11689,960
11663,953
11689,962
11689,938
11689,946
11663,939
11663,947
11689,922
11689,934
11663,959
11663,967
11663,927
11663,935
11689,956
11689,912
11663,951
11663,957
11689,966
11663,991
11689,1004
11663,1007
11663,921
11689,914
11689,920
11663,963
11689,926
11689,944
11663,941
11689,950
11689,902
11663,943
11663,977
11689,986
11689,954
11689,952
11689,942
11663,949
11663,915
11689,930
11663,931
11689,936
11663,955
11689,964
11663,965
11689,932
11689,940
11663,979
11663,1009
11663,1003
11689,924
11663,945
11689,928
11663,933
11689,970
11663,981
11689,1002
11663,1005
11689,1010
11689,984
11689,974
11689,982
11689,988
11663,983
11689,1000
11663,971
11663,987
11663,975
11689,976
11663,989
11689,990
11689,972
11663,973
11663,985
11689,980
11689,1006
11689,1008
11663,1001
11663,1011
11689,978
11693,930
11693,922
11693,928
11693,936
11693,964
11583,959
11583,967
11583,927
11583,935
11693,956
11693,954
11583,961
11583,929
11583,937
11583,925
11693,924
11693,932
11693,940
11583,953
11693,946
11583,939
11583,947
11583,951
11693,984
11693,982
11693,988
11693,978
11583,983
11693,1000
11693,912
11693,960
11583,957
11693,962
11583,921
11693,938
11583,941
11693,914
11583,963
11693,926
11693,934
11693,966
11583,971
11583,987
11583,975
11583,1001
11693,1004
11583,1007
11583,931
11583,955
11693,920
11583,943
11693,942
11583,949
11693,944
11693,950
11583,965
11693,902
11583,933
11583,989
11693,986
11693,952
11583,945
11583,973
11583,985
11693,970
11693,1002
11583,1005
11693,1010
11693,974
11693,976
11583,1011
11693,990
11693,972
11583,991
11583,979
11583,977
11693,980
11693,1006
11583,1009
11583,1003
11693,1008
11583,981
11579,963
11697,966
11697,950
11579,927
11697,914
11697,902
11697,920
11579,951
11579,961
11697,926
11697,942
11579,957
11697,944
11579,921
11579,941
11579,943
11697,954
11697,952
11579,949
11579,979
11697,986
11579,1009
11579,1003
11697,932
11579,931
11697,940
11579,955
11579,965
11697,930
11579,933
11697,928
11697,936
11697,964
11697,924
11579,945
11579,981
11579,1001
11579,1011
11697,922
11579,937
11697,956
11697,962
11697,946
11579,967
11579,929
11697,980
11697,970
11697,1002
11697,934
11697,912
11579,925
11579,953
11579,939
11579,947
11697,960
11697,938
11579,959
11579,935
11697,974
11697,982
11579,991
11697,1008
11579,1007
11697,1000
11579,977
11579,985
11697,976
11697,978
11697,990
11697,972
11579,1005
11579,983
11697,1006
11579,971
11579,987
11579,975
11579,989
11697,1010
11697,984
11697,988
11579,973
11697,1004
11729,922
11537,931
11729,934
11537,921
11537,955
11537,941
11729,956
11537,965
11729,912
11537,933
11537,963
11537,943
11729,960
11537,949
11729,962
11729,938
11729,946
11729,914
11537,945
11729,926
11729,974
11729,982
11537,989
11729,1008
11729,1000
11729,944
11537,937
11729,966
11729,950
11729,920
11537,967
11729,942
11537,929
11537,925
11537,953
11537,947
11537,991
11729,976
11537,973
11729,930
11729,936
11729,964
11537,939
11729,902
11729,954
11729,952
11537,959
11537,927
11537,935
11729,932
11537,951
11537,961
11729,928
11537,957
11537,985
11729,978
11537,1005
11729,924
11729,940
11729,990
11729,972
11537,983
11729,1004
11537,1009
11537,971
11729,980
11729,970
11537,1001
11729,1006
11537,1011
11729,1002
11537,1007
11729,1010
11729,984
11537,977
11729,988
11537,979
11537,1003
11537,981
11729,986
11537,987
11537,975
11533,H923
11533,H927
11619,924
11619,932
11533,931
11533,945
11619,940
11619,946
11533,967
11533,965
11619,930
11619,922
11533,933
11619,928
11619,936
11533,929
11533,937
11619,956
11533,925
11533,953
11533,947
11619,962
11619,938
11533,959
11533,935
11619,980
11619,970
11533,961
11619,934
11619,912
11533,939
11619,960
11533,927
11619,914
11533,951
11619,926
11533,957
11619,974
11619,982
11533,975
11533,991
11619,1008
11533,1007
11619,1000
11619,944
11533,921
11533,941
11533,963
11619,966
11619,950
11619,920
11619,942
11533,943
11533,977
11619,976
11619,964
11619,902
11619,954
11619,952
11533,949
11533,955
11533,979
11619,978
11533,1009
11533,1003
11619,990
11619,972
11533,981
11533,1005
11533,983
11619,1006
11533,971
11533,987
11533,1001
11533,989
11619,1002
11619,1010
11619,984
11619,988
11533,973
11533,985
11619,1004
11619,986
11533,1011
11533,H925
11637,H944
11637,H948
11637,H958
11637,H916
11637,922
11637,934
11637,956
11637,912
11498,961
11637,960
11637,962
11637,938
11637,946
11637,914
11637,926
11637,974
11637,982
11637,1008
11637,1000
11637,944
11637,966
11637,950
11498,965
11637,902
11637,920
11637,942
11637,976
11637,930
11637,936
11637,964
11498,967
11637,954
11637,952
11637,932
11637,928
11498,959
11637,978
11637,924
11637,940
11498,947
11637,990
11637,972
11637,1004
11637,980
11637,970
11637,1006
11637,1002
11637,1010
11637,984
11637,988
11637,986
11498,1011
11498,991
11498,1005
11498,987
11637,H952
11637,H942
11591,1202
11591,1210
11591,1206
11591,1212
11591,1208
11591,1204
11591,1214
11591,1200
11500,1209
11500,1207
11635,1203
11635,1215
11635,1209
11635,1201
11559,1202
11635,1211
11635,1205
11635,1207
11559,1210
11559,1206
11559,1212
11559,1208
11559,1204
11559,1214
11559,1200
11635,1213
11561,1202
11561,1210
11561,1206
11617,1213
11561,1212
11561,1208
11617,1209
11617,1215
11561,1204
11561,1214
11617,1205
11561,1200
11617,1203
11617,1201
11617,1211
11617,1207
11727,1201
11727,1211
11621,1202
11727,1207
11727,1203
11621,1210
11621,1206
11621,1212
11621,1208
11621,1204
11621,1214
11621,1200
11727,1213
11727,1215
11727,1209
11727,1205
11632,1201
11623,1202
11632,1211
11623,1212
11632,1207
11623,1208
11623,1210
11623,1204
11632,1203
11623,1214
11623,1206
11623,1200
11632,1213
11632,1215
11632,1209
11632,1205
11630,1207
11625,1206
11630,1203
11625,1212
11630,1215
11630,1209
11630,1201
11630,1211
11625,1208
11625,1210
11630,1205
11625,1204
11625,1214
11625,1200
11625,1202
11630,1213
11627,1200
11628,1207
11627,1212
11628,1203
11627,1208
11628,1215
11628,1201
11627,1204
11628,1211
11627,1214
11627,1202
11627,1210
11628,1209
11627,1206
11628,1213
11628,1205
11629,1204
11626,1203
11629,1214
11626,1215
11629,1206
11626,1209
11626,1201
11629,1200
11626,1211
11629,1212
11626,1213
11626,1205
11626,1207
11629,1208
11629,1202
11629,1210
11631,1200
11624,1203
11624,1215
11624,1209
11624,1201
11624,1211
11624,1205
11624,1207
11631,1202
11631,1210
11631,1206
11631,1212
11631,1208
11624,1213
11631,1204
11631,1214
11633,1204
11622,1213
11622,1205
11633,1200
11622,1203
11622,1215
11622,1209
11622,1201
11622,1211
11622,1207
11633,1202
11633,1206
11633,1210
11633,1212
11633,1208
11633,1214
11620,1201
11620,1211
11620,1213
11620,1205
11729,1202
11620,1207
11620,1203
11620,1215
11620,1209
11729,1212
11729,1208
11729,1210
11729,1214
11729,1206
11729,1204
11729,1200
11619,1206
11619,1212
11560,1215
11560,1209
11560,1201
11560,1211
11619,1208
11619,1210
11560,1213
11560,1205
11619,1204
11560,1207
11619,1214
11619,1200
11560,1203
11619,1202
11558,1207
11558,1203
11637,1202
11558,1215
11558,1209
11558,1201
11558,1211
11558,1205
11637,1212
11637,1208
11637,1210
11637,1214
11637,1206
11637,1204
11637,1200
11558,1213
11590,1207
11500,1204
11590,1203
11590,1215
11500,1206
11590,1209
11590,1201
11590,1211
11590,1205
11500,1202
11590,1213
11635,H890
11635,810
11635,814
11635,818
11635,820
11635,808
11635,812
11635,816
11499,803
11499,807
11499,805
11499,801
11599,H891
11599,801
11709,812
11599,805
11709,808
11709,816
11709,814
11599,813
11599,811
11709,810
11599,807
11599,809
11709,818
11599,803
11709,820
11705,818
11705,820
11593,803
11593,805
11705,812
11705,808
11593,801
11705,816
11705,814
11705,810
11593,813
11593,811
11593,807
11593,809
11671,807
11671,809
11671,813
11701,820
11671,811
11701,808
11671,803
11701,812
11701,816
11701,814
11671,805
11701,810
11671,801
11701,818
11699,811
11699,807
11699,813
11673,820
11699,809
11673,812
11673,816
11673,808
11699,803
11673,814
11673,810
11699,805
11673,818
11699,801
11703,811
11595,816
11595,810
11595,814
11703,803
11703,807
11703,809
11595,818
11595,820
11703,805
11703,801
11595,808
11703,813
11595,812
11707,803
11707,807
11707,809
11597,816
11597,810
11597,814
11707,805
11597,818
11597,820
11707,801
11707,813
11597,812
11597,808
11707,811
11597,H890
11637,H891
11499,H890
11637,811
11637,807
11637,809
11499,812
11499,816
11637,803
11499,818
11637,801
11637,805
11499,820
11637,813
11615,197
11501,170
11501,174
11501,178
11503,191
11501,180
11503,183
11501,176
11503,189
11501,172
11503,187
11503,185
11501,200
11607,197
11685,172
11685,188
11685,194
11685,186
11685,178
11685,190
11685,170
11685,174
11685,184
11685,192
11685,180
11685,204
11685,206
11685,208
11685,210
11685,176
11685,182
11685,200
11685,202
11603,197
11643,197
11515,170
11515,192
11615,179
11515,174
11515,178
11615,189
11615,183
11515,184
11515,180
11515,204
11515,206
11515,208
11515,210
11615,187
11615,195
11515,188
11615,185
11515,176
11515,182
11615,193
11515,172
11515,194
11615,171
11615,191
11615,181
11515,186
11515,190
11515,200
11515,202
11609,197
11607,189
11607,195
11713,170
11607,185
11713,192
11713,174
11713,178
11607,187
11713,184
11713,204
11713,206
11713,208
11713,210
11713,176
11713,180
11607,193
11713,172
11713,188
11713,182
11607,191
11607,181
11607,171
11713,194
11713,200
11713,202
11607,179
11713,186
11713,190
11607,183
11639,197
11661,170
11661,186
11661,174
11661,178
11661,190
11603,191
11603,193
11603,181
11603,171
11661,192
11603,183
11603,179
11661,204
11661,206
11661,208
11661,210
11661,180
11661,184
11661,176
11661,172
11661,188
11603,189
11603,195
11661,182
11603,185
11603,187
11661,194
11661,200
11661,202
11575,197
11643,187
11643,195
11589,170
11643,185
11589,192
11589,186
11589,174
11589,178
11589,190
11643,193
11589,184
11589,204
11589,206
11589,208
11589,210
11643,171
11589,180
11643,191
11643,181
11589,188
11589,176
11589,182
11643,177
11643,183
11643,173
11643,175
11589,172
11643,179
11589,194
11589,202
11643,189
11589,200
11571,197
11609,171
11609,173
11609,177
11609,183
11573,170
11609,175
11573,184
11573,192
11609,179
11573,180
11609,189
11573,172
11609,195
11573,188
11609,185
11573,176
11573,182
11609,187
11609,193
11573,194
11573,200
11573,202
11609,191
11609,181
11573,186
11573,174
11573,178
11573,190
11573,210
11573,204
11573,206
11573,208
11587,197
11639,185
11639,193
11639,187
11639,195
11577,186
11577,194
11577,178
11577,190
11577,200
11577,202
11577,170
11577,174
11639,171
11639,191
11639,181
11577,192
11577,206
11577,208
11577,210
11639,175
11577,184
11639,179
11577,180
11639,173
11639,177
11639,183
11577,204
11639,189
11577,172
11577,188
11577,176
11577,182
11659,197
11641,180
11575,171
11575,173
11575,177
11641,172
11641,188
11575,183
11575,191
11575,181
11575,175
11641,176
11575,179
11641,182
11641,194
11575,205
11575,207
11575,189
11575,195
11641,186
11575,185
11575,187
11641,178
11641,190
11575,193
11641,170
11641,174
11575,203
11575,209
11641,184
11641,192
11575,211
11575,201
11711,197
11611,170
11571,189
11571,195
11611,186
11611,194
11611,174
11611,178
11611,190
11571,185
11571,187
11571,205
11611,192
11571,193
11611,184
11611,180
11571,201
11571,203
11611,172
11611,188
11571,191
11571,181
11611,176
11611,182
11571,171
11571,177
11571,209
11571,173
11571,183
11571,175
11571,179
11571,207
11571,211
11513,197
11587,185
11645,172
11645,186
11645,194
11587,193
11587,187
11587,195
11645,178
11645,190
11587,203
11587,209
11645,174
11587,171
11645,170
11587,191
11587,181
11587,211
11587,175
11587,179
11587,173
11587,177
11645,184
11645,192
11587,183
11645,180
11645,188
11587,189
11645,176
11645,182
11587,205
11587,207
11587,201
11683,197
11601,172
11601,188
11601,194
11659,189
11659,195
11659,185
11601,190
11659,187
11659,205
11601,170
11601,174
11601,178
11659,193
11659,201
11659,203
11601,192
11659,191
11659,181
11659,171
11659,177
11659,209
11659,173
11601,176
11659,183
11601,180
11659,175
11659,179
11659,207
11659,211
11605,180
11711,193
11605,172
11711,187
11605,188
11605,176
11711,191
11711,181
11711,209
11711,211
11605,194
11711,171
11711,173
11711,177
11711,183
11711,175
11711,179
11605,178
11605,190
11711,189
11605,170
11605,174
11711,195
11711,205
11711,207
11711,185
11605,192
11711,201
11711,203
11513,189
11513,187
11513,195
11613,170
11513,185
11613,192
11613,174
11513,193
11513,201
11513,203
11613,176
11613,180
11513,191
11513,181
11613,172
11613,188
11513,171
11513,177
11513,209
11513,173
11513,183
11513,175
11513,179
11613,194
11513,207
11513,211
11613,178
11613,190
11513,205
11683,181
11683,171
11683,177
11683,191
11683,175
11683,211
11683,201
11683,173
11683,183
11683,179
11683,189
11683,205
11683,207
11683,195
11683,185
11683,187
11683,193
11683,203
11683,209
11501,189
11501,179
11501,187
11501,191
11501,181
11501,171
11501,195
11501,185
11501,193
11501,211
11501,183
11502,H28
11503,21
11503,19
11503,111
11503,29
11502,112
11503,121
11503,27
11503,23
11503,25
11551,112
11502,14
11502,18
11502,50
11502,60
11502,12
11502,16
11502,114
11502,10
11615,41
11615,121
11615,31
11725,26
11725,14
11725,18
11615,27
11725,30
11725,50
11725,52
11725,56
11725,62
11615,25
11615,23
11725,112
11615,11
11725,24
11725,22
11615,21
11725,12
11725,10
11725,20
11725,16
11725,114
11615,17
11615,111
11615,19
11725,64
11615,15
11615,29
11615,13
11615,51
11615,61
11615,63
11725,60
11615,53
11615,57
11615,65
11615,55
11725,54
11725,H28
11721,112
11607,23
11607,27
11607,41
11607,121
11721,22
11721,12
11721,30
11607,31
11607,25
11721,24
11721,16
11607,11
11607,55
11721,54
11721,62
11721,114
11721,10
11607,21
11721,20
11607,17
11607,111
11607,61
11607,63
11607,13
11721,26
11721,14
11721,18
11607,15
11607,19
11607,29
11721,50
11721,60
11607,53
11607,57
11607,65
11721,64
11607,51
11721,52
11721,56
11603,13
11603,17
11603,111
11717,10
11717,14
11717,18
11603,15
11603,19
11603,29
11717,50
11603,51
11717,56
11717,60
11603,41
11717,30
11603,31
11603,121
11717,112
11717,24
11603,23
11603,27
11717,22
11717,12
11603,25
11717,20
11717,16
11603,53
11603,65
11717,64
11603,21
11717,114
11603,11
11717,54
11717,52
11717,62
11603,63
11603,57
11603,55
11603,61
11565,112
11565,30
11565,52
11565,62
11565,22
11565,12
11565,20
11565,24
11565,16
11565,114
11565,10
11565,18
11565,60
11565,14
11565,54
11565,50
11565,56
11565,64
11669,112
11553,41
11553,121
11553,31
11669,12
11553,23
11553,27
11669,30
11669,24
11669,16
11669,54
11553,63
11669,62
11669,114
11669,22
11553,21
11553,25
11669,10
11553,11
11669,20
11553,19
11669,26
11669,14
11669,18
11553,13
11553,17
11553,111
11553,15
11553,29
11669,50
11669,60
11553,57
11553,55
11669,64
11553,61
11669,52
11669,56
11553,53
11553,65
11553,51
11519,22
11545,25
11519,10
11519,12
11545,23
11545,27
11519,20
11545,41
11545,121
11519,18
11519,114
11545,21
11545,11
11519,26
11545,55
11519,50
11519,60
11519,14
11545,17
11545,111
11519,30
11545,19
11545,13
11545,61
11519,112
11545,15
11545,29
11519,24
11545,51
11519,64
11519,16
11545,31
11519,54
11545,53
11545,65
11519,52
11519,56
11545,63
11519,62
11545,57
11541,13
11541,17
11541,111
11507,14
11507,18
11541,15
11541,19
11541,29
11507,30
11507,50
11541,51
11507,52
11507,56
11507,62
11541,121
11541,31
11507,112
11541,27
11507,22
11507,12
11541,25
11507,20
11507,24
11541,23
11507,16
11507,114
11507,10
11541,21
11541,53
11507,64
11541,63
11507,60
11541,57
11541,65
11541,55
11507,54
11541,61
11511,22
11655,15
11655,29
11511,10
11511,12
11655,31
11511,20
11511,24
11511,16
11511,114
11655,121
11655,27
11655,53
11655,57
11655,65
11655,23
11511,18
11511,40
11655,25
11511,26
11511,14
11655,55
11511,30
11655,111
11655,21
11655,17
11655,61
11655,63
11655,13
11511,112
11655,19
11655,51
11511,52
11511,62
11511,60
11511,64
11511,54
11511,50
11511,56
11649,18
11649,114
11651,11
11651,17
11651,111
11649,10
11651,21
11651,25
11649,14
11651,19
11651,13
11649,40
11651,61
11651,15
11651,29
11649,30
11649,50
11651,51
11649,52
11649,56
11649,62
11651,41
11651,31
11649,112
11651,121
11649,12
11649,22
11649,20
11649,24
11651,23
11651,27
11649,16
11651,53
11649,64
11651,63
11649,60
11651,57
11651,65
11651,55
11649,54
11647,15
11647,19
11647,29
11647,13
11647,17
11647,111
11653,30
11653,112
11653,24
11653,16
11653,22
11653,12
11653,10
11653,20
11647,121
11653,114
11647,31
11647,27
11647,55
11647,51
11653,26
11653,18
11647,25
11653,40
11647,23
11653,14
11647,61
11647,63
11647,21
11653,52
11653,62
11647,53
11647,57
11647,65
11653,60
11653,64
11653,54
11653,50
11653,56
11657,40
11509,15
11509,19
11509,29
11657,14
11509,13
11657,30
11657,112
11509,41
11509,31
11657,50
11657,52
11657,56
11657,62
11509,121
11657,12
11509,27
11657,24
11657,16
11657,22
11657,10
11509,23
11509,53
11509,57
11509,65
11509,25
11509,11
11657,20
11657,114
11509,21
11509,55
11657,18
11509,17
11509,111
11509,61
11509,51
11657,60
11657,64
11657,54
11509,63
11543,20
11505,121
11543,18
11543,114
11505,31
11543,10
11505,23
11505,27
11543,14
11505,63
11505,21
11505,25
11543,40
11505,111
11543,30
11543,112
11505,19
11505,13
11505,17
11505,15
11505,29
11543,52
11543,62
11543,22
11543,12
11543,24
11543,16
11505,57
11505,65
11505,55
11543,60
11505,61
11543,54
11505,53
11543,50
11543,56
11505,51
11543,64
11517,121
11547,22
11547,10
11547,12
11517,31
11547,112
11547,20
11547,24
11517,23
11517,27
11547,16
11547,114
11517,25
11517,53
11517,65
11517,21
11547,18
11517,11
11517,111
11547,40
11547,26
11547,14
11517,19
11517,13
11517,17
11517,15
11517,29
11547,30
11517,51
11547,52
11547,62
11517,63
11547,60
11517,57
11547,64
11517,55
11547,54
11517,61
11547,50
11547,56
11667,17
11555,112
11667,111
11667,21
11667,25
11667,11
11667,19
11555,30
11667,13
11555,52
11555,62
11555,22
11667,15
11667,29
11555,12
11555,20
11555,24
11555,16
11555,114
11555,10
11667,31
11667,27
11555,18
11667,121
11667,23
11555,26
11667,53
11667,57
11555,60
11667,65
11555,14
11555,40
11667,55
11667,61
11555,54
11667,51
11555,50
11555,56
11667,63
11555,64
11613,H28
11563,15
11563,19
11563,29
11563,13
11563,17
11563,31
11563,121
11563,27
11563,53
11563,57
11563,65
11563,25
11563,23
11563,21
11563,11
11563,55
11563,111
11563,61
11563,51
11563,63
11601,18
11601,114
11715,23
11715,27
11601,40
11601,10
11715,121
11715,31
11601,26
11601,14
11715,25
11715,11
11715,55
11715,17
11715,111
11715,21
11601,30
11715,19
11715,13
11601,50
11601,52
11601,56
11715,61
11601,62
11601,112
11715,15
11715,29
11601,24
11601,22
11601,12
11715,51
11601,20
11601,16
11601,64
11715,53
11715,57
11715,65
11601,60
11715,63
11601,54
11719,15
11719,29
11605,20
11605,24
11719,31
11605,16
11605,114
11605,22
11605,10
11605,12
11719,121
11719,27
11719,53
11719,57
11605,54
11719,65
11605,18
11719,25
11719,23
11605,40
11605,26
11605,14
11719,21
11719,11
11719,55
11719,17
11719,111
11605,30
11719,19
11719,13
11605,50
11605,52
11605,56
11719,61
11605,62
11605,112
11719,51
11605,60
11719,63
11605,64
11723,11
11723,19
11723,13
11723,17
11723,111
11613,30
11613,112
11723,21
11613,24
11723,15
11613,22
11613,12
11613,10
11613,20
11613,16
11613,114
11723,29
11723,51
11613,64
11723,121
11613,18
11723,31
11723,27
11613,26
11613,14
11723,25
11613,40
11723,23
11723,53
11613,52
11613,62
11613,60
11723,61
11723,63
11613,54
11723,57
11723,65
11723,55
11613,50
11613,56
11502,31
11502,27
11502,121
11502,23
11502,21
11502,25
11502,57
11502,65
11549,111
11503,112
11503,16
11503,114
11503,14
11503,18
11503,40
